id;cin_id;validity_date;birth_date;birth_place;first_name;last_name;birth_city;father_name;nationality;nationality_code;issuing_country;issuing_country_code;mother_name;civil_register;sex;address;birth_city_code;wallet_holder;created_date
1;incliner;2024-10-16;2024-10-16;depuis sauf à;Félix;Charles;tandis que de manière à ce que;même si dès que calme;autrement;assez déchirer;liquider;hys;calculer membre du personnel;grrr en dedans de séculaire;tan;ha ha;int;c23939c9-13d5-4f9d-b968-89c2b06ebe8e;2024-10-15T18:49:50
2;dynamique;2024-10-15;2024-10-16;au point que membre du personnel;Marceau;Huet;aïe insipide;hi quelquefois mairie;suffisamment au point que jusqu’à ce que;pendant au dépens de hi;à travers mature de par;mem;en face de lunatique;étant donné que;aut;autour de;der;fd58510c-fcb7-4b7d-a436-bfc6a9d5782e;2024-10-16T02:49:57
3;extatique échouer;2024-10-16;2024-10-15;athlète partout hystérique;Eudoxe;Fernandez;collègue conseil municipal vouh;solitaire;commis;secouriste d'entre;jusque à l'égard de;à l;sans que pisser guide;chut d'entre au moyen de;sma;imiter bientôt apte;fus;806d59f5-f9ff-4efc-9ec5-913b96a0ada4;2024-10-15T15:23:30
4;areu areu tout à fait vu que;2024-10-16;2024-10-16;conseil municipal couvrir;Charlemagne;Le roux;adepte;à l'exception de minuscule en decà de;conseil d’administration;adorable large aussitôt que;membre du personnel considérable démarrer;per;interrompre;rédaction sur dring;con;parlementaire;à c;463450c2-a970-43b8-8b70-6d65eb944a42;2024-10-16T06:37:36
5;tracer timide;2024-10-15;2024-10-15;tant que ha ha si;Adegrin;Meunier;triathlète tic-tac prout;novice;approximativement;quitte à meubler;épouser;vol;membre du personnel euh;turquoise ouch;soi;en guise de réfléchir vu que;prè;db379a78-156c-46d0-88dc-b7e31686c25e;2024-10-16T02:59:52
6;considérable séculaire;2024-10-15;2024-10-16;que;Clémence;Masson;guide clac;membre du personnel;de manière à marquer coupable;oh au défaut de adepte;porte-parole;spé;ha ha partenaire;juriste rectorat;en ;plouf rectorat;un ;e304588a-9e68-4510-828b-74c3282e7c2b;2024-10-16T03:03:11
7;biathlète;2024-10-16;2024-10-15;probablement vroum;Chilpéric;Blanc;euh sitôt main-d’œuvre;quand;fonctionnaire près de ailleurs;au point que bzzz;membre du personnel tellement;cul;énorme si bien que prestataire de services;contenir tsoin-tsoin;de ;candide extatique lectorat;pas;7410a70c-34f2-4455-b6e3-0dcba07c01ab;2024-10-15T21:49:58
8;devenir près;2024-10-15;2024-10-16;comment;Bernard;Renaud;assez déborder;tant toc-toc;revêtir insister;clac;bof psitt;por;juriste;identifier;exc;compléter blême ainsi;à l;897518f7-420d-485e-b08e-519bd02534ea;2024-10-16T00:52:02
9;insister;2024-10-16;2024-10-16;rectangulaire former pourvu que;Johan;Dumas;crac sans que sitôt que;malade jusqu’à ce que;géométrique aux alentours de fier;vouh direction;liquider contre;tur;dans la mesure où à partir de résister;rectangulaire;de ;tic-tac;dan;4a4c2792-fadc-4c28-8476-bc9191440dc3;2024-10-15T21:08:39
10;proche de ouf;2024-10-15;2024-10-16;porte-parole;Raymond;Guillaume;secours;infiniment dès que;badaboum;chut;antique miam;pré;bien que recruter;tandis que au point que areu areu;bar;au point que dynamique;par;2bf44365-e8cd-4d89-b34d-339c1c7dc7ba;2024-10-16T06:47:25
